Origin,AVG(CarrierDelay),AVG(WeatherDelay),AVG(NASDelay),AVG(SecurityDelay),AVG(LateAircraftDelay),COUNT(carrierDelay),COUNT(WeatherDelay),COUNT(NASDelay),COUNT(SecurityDelay),COUNT(LateAircraftDelay)
JFK,5.0986,0.9491,4.3137,0.0448,4.5321,67039,7061,71737,799,45648
LAX,3.7262,0.1502,2.6296,0.0268,4.7987,115595,3605,111872,753,116102
DFW,4.6452,0.9657,2.5345,0.0100,5.1268,155125,23499,136061,533,126406
OGG,2.8108,0.1634,0.5289,0.0117,3.0532,10076,809,3609,63,9224
HNL,3.0222,0.0979,0.4058,0.0431,1.7273,18655,1009,5571,244,9634
SFO,3.9544,0.1967,2.7133,0.0140,6.7837,87146,3513,98123,435,104649
ATL,3.5907,0.8511,2.0295,0.0071,3.0112,174364,30998,141060,376,136018
BOS,4.0202,0.5473,4.0275,0.0184,5.0850,73326,7109,83760,569,64090
ONT,2.1978,0.2127,2.3339,0.0195,4.8020,7489,353,7986,62,11680
DCA,3.0733,0.6463,3.3544,0.0101,5.4241,41962,5555,54897,218,50088
LAS,3.4367,0.2202,2.5236,0.0154,4.8485,83844,3350,73682,375,86962
PHX,3.2561,0.1662,1.9545,0.0403,3.8289,79803,2383,70280,1357,78605
IAD,4.1268,1.1240,3.5708,0.0115,4.6813,18190,3808,23811,75,16737
JAX,3.0251,0.5079,3.1358,0.0094,4.8199,8679,1127,10311,40,11495
MIA,4.8315,0.9522,3.4839,0.0219,4.1984,44931,7872,45722,316,34916
TPA,2.8538,0.5873,2.7464,0.0066,5.0807,31582,4771,31525,112,37178
PHL,3.9435,0.4782,3.7323,0.0169,4.8811,49781,3849,56921,332,41950
SJU,4.2073,0.1005,1.6210,0.0275,6.6947,14670,222,10985,234,15911
HDN,5.7497,0.8632,3.4681,0.0017,8.2220,327,79,582,1,601
SAN,2.3884,0.1880,2.5757,0.0205,4.2229,31097,1440,38257,362,41491
ORD,4.4605,1.0729,3.6427,0.0068,5.8322,166144,36855,200848,434,164095
SEA,2.9403,0.3561,2.5940,0.0149,2.8760,51928,3992,69828,355,46837
DTW,4.2873,0.7617,2.9737,0.0112,3.1338,54976,6528,63020,234,43621
SJC,2.6212,0.1429,1.5857,0.0210,4.1260,21618,672,19211,252,26011
SLC,3.0580,0.5390,1.9648,0.0058,2.5415,35900,4285,39597,124,32915
KOA,2.0020,0.0809,0.5248,0.0229,2.7048,3868,381,2015,69,4432
MCO,3.8510,0.8374,3.4393,0.0442,5.2380,67217,11076,68470,676,68179
DEN,3.6433,0.5555,2.7781,0.0062,4.8790,122637,12903,124161,249,120299
STL,3.0793,0.4043,2.4497,0.0096,4.6329,29297,2449,26954,111,32837
JAC,4.5256,0.7938,4.1790,0.0041,6.9658,1356,309,2363,4,1912
CLE,3.3455,0.3240,3.9553,0.0107,4.2527,14840,1018,21450,95,15784
HOU,3.8935,0.5022,1.6294,0.0341,4.3623,37195,2584,23560,238,35244
TUS,3.0779,0.3375,2.6598,0.0041,3.7623,5203,390,6741,22,6783
PDX,2.3048,0.2026,2.3840,0.0069,3.0322,18706,1158,24431,80,19982
IAH,3.8501,0.9552,2.8816,0.0067,4.1171,67686,11591,73307,176,58899
MSY,2.6059,0.4505,2.9409,0.0156,4.9863,20996,2616,23018,135,26059
SNA,1.9108,0.2678,2.3985,0.0048,3.8255,12765,941,16924,37,19385
BDL,3.0267,0.4358,2.4675,0.0077,4.1343,9976,962,10386,45,9460
RSW,2.7806,0.3424,3.4228,0.0050,5.4142,12289,987,14586,37,15551
SAT,2.7702,0.3353,1.9668,0.0041,4.3525,13148,894,12899,36,16685
MKE,3.1019,0.5742,2.7704,0.0045,4.2936,9956,1470,14356,33,13578
PBI,3.5995,0.3412,4.7723,0.0219,5.9707,13489,834,14737,80,15064
CLT,3.5436,0.6944,2.6835,0.0367,4.4660,88975,12268,90622,1481,78087
BWI,3.8314,0.5448,2.4025,0.0335,3.9599,56371,4151,44159,514,50218
LGA,3.9431,0.6171,3.9123,0.0124,7.4120,62603,7020,82468,233,82091
BNA,3.0868,0.4444,2.6301,0.0112,4.9535,27666,2764,28119,131,34043
MFE,3.9413,0.6604,2.5546,0.0037,5.2397,974,131,1268,8,1549
EWR,4.6364,0.7297,3.7271,0.0124,7.5510,80823,6917,79632,283,79232
AUS,3.0730,0.4468,2.6455,0.0122,4.6346,23300,1993,24433,177,26322
RDU,3.4261,0.5307,3.8581,0.0123,5.2196,20697,2097,25392,134,23494
LIH,2.2888,0.1450,0.4197,0.0060,3.0068,3742,552,1442,20,4517
MCI,2.4607,0.3930,2.3537,0.0093,4.1534,16091,1598,19505,130,21809
ORF,4.0336,0.5079,3.6785,0.0113,5.0672,6077,596,7443,20,7392
COS,6.8547,0.8606,3.2267,0.0014,4.3707,3671,632,4639,4,3315
STT,3.3223,0.2659,1.9618,0.0405,6.6358,1401,166,1707,39,2114
TUL,2.8524,0.5500,2.2665,0.0108,4.2452,4658,606,6005,26,6872
FLL,4.2392,0.6328,4.3008,0.0497,4.6437,51836,5641,54429,841,45637
IND,3.0476,0.4763,3.3012,0.0081,4.2682,12869,1486,17090,41,15535
OKC,3.1511,0.8125,2.1072,0.0133,4.6160,6454,1017,7306,37,8972
PIT,2.6341,0.3632,3.1781,0.0073,4.0448,11102,1184,17034,39,14095
ABQ,2.9313,0.4226,1.8578,0.0461,4.6575,8871,721,8372,111,11610
RNO,2.7608,0.3391,2.5014,0.0072,4.9397,5995,407,7368,31,8982
ELP,3.2229,0.5213,1.6483,0.0080,4.7542,5401,496,4773,32,7287
CMH,3.0335,0.4871,3.4345,0.0041,4.2294,12101,1398,16391,35,14506
SMF,2.3272,0.1223,1.7269,0.0066,4.4210,17372,532,17395,64,24191
PSP,4.4091,0.3004,4.0513,0.0083,4.4926,3014,160,5168,27,4232
DAY,3.7927,0.5409,3.6283,0.0024,5.1451,3408,423,5125,6,4612
MEM,3.1459,0.4931,3.0785,0.0045,4.5556,6577,743,8424,27,8561
MSP,3.3877,0.8659,2.9531,0.0091,2.8120,49769,6930,66874,152,42983
GUC,4.2951,0.5751,2.5257,0.0152,9.2980,77,19,142,2,172
SDF,3.6142,0.5369,3.4082,0.0096,4.5981,5763,628,7699,31,7415
BHM,3.4344,0.3834,2.7236,0.0125,5.0912,5322,641,6468,32,7462
ICT,3.8984,0.6370,2.8485,0.0038,4.7707,2583,466,3767,9,4251
EGE,5.9708,1.6867,3.6651,0.0090,11.9446,666,168,1058,5,1125
DSM,3.8188,0.7382,3.0853,0.0132,4.5965,3378,723,5460,25,4867
FAT,5.8617,0.2670,3.1980,0.0284,4.2559,3007,126,4525,18,3743
OMA,3.1427,0.5120,2.7138,0.0125,4.1329,6821,792,9367,13,9047
STX,3.7842,0.0388,1.4623,0.1385,4.9152,433,12,381,26,499
LIT,2.8689,0.5696,2.8857,0.0068,4.3530,3723,568,5013,15,5147
RIC,4.6292,0.4800,4.2412,0.0082,4.8295,8584,695,10959,37,8802
MTJ,3.4655,1.0956,3.1578,0.0089,7.2553,304,52,599,7,798
ANC,2.4095,0.1926,1.0530,0.0049,1.9751,4592,321,5661,18,3343
BET,0.7274,0.1340,0.7182,0.4876,3.4005,143,37,334,124,284
BRW,0.3965,0.2328,0.4501,0.1255,3.7732,84,49,229,35,292
SCC,0.4161,0.6244,0.5367,0.0179,3.2104,42,68,219,8,252
FAI,2.4760,0.0998,0.9609,0.0176,2.5354,766,35,954,21,714
KTN,1.9030,0.2744,1.0582,0.0460,4.4810,506,86,1040,35,1043
JNU,2.4138,0.5386,1.1644,0.0341,3.3928,1208,159,1830,34,1322
SIT,2.0015,0.8158,0.8171,0.0934,3.3296,207,81,438,25,415
WRG,1.2324,0.2120,0.8437,0.0083,5.6092,88,25,293,3,377
PSG,0.7109,0.1395,0.9137,0.0802,5.9793,106,29,331,15,392
OME,0.9130,0.2861,0.7895,0.2935,3.3484,141,48,292,53,247
OTZ,1.1675,0.8308,0.9031,0.2079,3.2334,173,83,308,30,233
ADK,1.3397,0.8407,1.6564,6.4818,1.8100,24,13,83,101,19
OAK,3.0900,0.1342,1.5377,0.0271,4.0476,29801,633,21337,244,30681
BUR,1.8131,0.2064,2.3386,0.0065,5.0059,9120,491,10382,29,15342
BLI,2.3345,0.8508,1.5680,0.0283,2.9173,247,56,449,9,296
GEG,2.8253,0.2759,1.8025,0.0039,3.4627,2908,294,4333,19,4041
ADQ,1.4640,0.1375,0.6070,0.3415,3.3511,114,17,203,54,209
CDV,0.8507,0.0899,0.8626,0.2425,4.4823,85,14,314,45,316
YAK,0.8822,0.2574,0.6035,0.0235,3.8996,88,29,222,6,285
LGB,3.0606,0.1629,2.3501,0.0052,4.6082,6329,216,5419,14,6823
CHS,2.9569,0.3397,3.8226,0.0174,4.8020,6200,457,8421,37,8437
BUF,2.9627,0.3982,3.4012,0.0055,4.9156,7182,644,9933,21,9491
HPN,6.4723,0.8841,3.3824,0.0250,6.8563,6156,456,5581,56,5120
SYR,4.1330,0.6393,4.0698,0.0025,5.1029,2901,341,5109,12,4039
ROC,3.3626,0.4951,4.0669,0.0038,4.9633,3375,389,5374,17,4779
PWM,3.7483,0.6358,5.3512,0.0078,5.5064,2966,258,4839,15,4054
BTV,3.9740,0.8661,6.7044,0.0029,5.6222,2235,312,4096,7,2755
SAV,3.5147,0.6879,4.2712,0.0059,5.1387,4085,612,5668,19,5379
SRQ,3.4494,0.2527,3.9611,0.0041,5.2274,1783,134,2387,5,2552
SWF,5.9937,0.9753,2.5942,0.0027,12.0744,821,90,758,5,1165
PVD,2.8245,0.3890,2.7677,0.0083,4.4668,5606,440,6790,31,6375
PSE,1.2349,0.0000,1.0079,0.0665,10.5368,104,0,287,4,664
BQN,2.1332,0.1523,1.8133,0.0237,11.4412,925,74,919,13,1732
ORH,6.2168,0.2820,3.0179,0.0112,9.6178,688,24,549,4,664
GSO,3.7469,0.5066,3.9227,0.0034,5.0904,2911,356,4845,7,4300
BOI,3.5856,0.2868,2.6233,0.0039,3.3556,4516,417,6527,11,5931
AVL,4.3566,0.9369,3.8482,0.0060,6.6607,1580,279,2920,9,3187
MSO,3.3256,0.5363,2.0488,0.0015,4.0177,620,122,1074,2,1008
GRR,3.5018,0.7134,3.3569,0.0028,4.9166,4419,935,6998,12,6414
MOB,3.4762,0.7145,2.6449,0.0029,5.9229,1611,256,2403,7,2679
CVG,3.6534,0.5644,4.1172,0.0059,4.6758,11124,1809,17251,39,13132
TLH,3.0393,0.4167,1.7059,0.0037,4.6555,1391,181,1520,5,1777
JAN,3.3838,0.7809,2.7831,0.0058,4.9973,2204,430,2965,18,3018
EYW,2.7965,0.7870,3.1464,0.0084,4.7136,829,119,1229,3,1347
MSN,3.2444,0.6981,3.4082,0.0019,5.0752,2488,544,5128,7,4853
PNS,2.4515,0.5188,2.4352,0.0147,4.7744,2337,402,3108,18,3849
DAB,2.7683,0.6695,1.9752,0.0460,4.0230,784,123,761,7,1049
ATW,3.4968,1.0654,2.7369,0.0009,4.9879,838,273,1714,1,1604
MDW,4.0402,0.4950,1.8311,0.0152,4.1485,56791,4476,38121,149,52212
GPT,3.3801,0.7584,2.4542,0.0023,4.6468,1021,124,1496,3,1458
GSP,3.8948,0.4872,3.4400,0.0032,4.6631,3248,301,4386,15,4332
TRI,4.9117,0.7048,1.4704,0.0017,5.7755,715,99,810,1,1118
AVP,4.9882,1.2522,3.3077,0.0023,4.3343,769,122,1089,5,912
MHT,2.5966,0.3070,2.6839,0.0038,3.5492,2212,161,2922,8,2722
ECP,2.9608,0.4983,1.7322,0.0066,4.4882,1477,186,1529,6,2116
MLB,2.8700,0.5714,1.8137,0.0117,3.8033,482,86,550,1,725
ALB,3.3536,0.5313,2.5440,0.0064,4.3367,3938,418,4613,12,4331
FNT,3.1635,0.8245,2.6066,0.0149,4.2277,1009,193,1882,9,1722
VPS,3.4874,0.5944,2.2470,0.0109,5.1630,1873,260,2503,18,2765
TYS,4.8055,0.6395,3.3443,0.0042,5.2841,4253,492,5549,19,5072
CAK,4.6076,0.6023,4.4624,0.0016,4.3270,2356,248,3299,4,2404
MDT,4.5603,0.9436,2.9224,0.0064,4.8726,1434,201,2003,7,1914
HSV,3.0018,0.5771,2.4738,0.0050,4.7123,1775,228,2380,10,2499
BIL,2.5998,0.5372,1.7672,0.0003,3.8192,563,92,1203,1,1108
FAR,4.4646,1.3918,3.3311,0.0212,4.9346,1384,415,2638,27,2226
CHO,5.8188,0.8692,3.6923,0.0094,7.1860,1417,205,2071,11,2230
BZN,3.2646,0.5804,3.6285,0.0005,4.5039,1268,182,2466,2,2060
LEX,4.0103,0.6286,3.6460,0.0104,5.2412,2138,355,3622,12,3294
ROA,4.2851,0.7486,3.1064,0.0039,6.6855,906,131,1234,3,1274
FAY,4.0799,0.8585,1.3740,0.0024,6.3925,877,120,907,5,1404
SGF,4.1378,1.1615,3.5579,0.0136,5.7129,2336,608,3439,21,3027
MYR,2.3409,0.3950,5.6846,0.0075,4.9418,2370,180,5083,20,3213
DAL,3.5444,0.5330,1.9928,0.0365,4.8350,47799,4176,32833,341,48133
LFT,3.4100,1.0646,2.9964,0.0255,5.7169,1233,325,2153,28,2068
CAE,4.2609,0.4820,2.3412,0.0012,4.5411,2071,215,2212,2,2303
AGS,4.7803,0.5555,2.1200,0.0092,6.2670,1299,150,1387,3,1803
BIS,4.5017,1.0998,2.5368,0.0659,4.9382,755,181,1413,51,1369
FSD,4.2187,1.2234,3.6846,0.0184,5.8828,1690,487,3212,19,2812
DLH,4.0537,2.0967,3.7565,0.0020,7.0404,503,167,1269,3,1306
GRB,3.2151,0.7057,2.7867,0.0026,5.1165,979,237,2290,5,2155
GNV,4.3372,0.9506,1.7045,0.0022,6.1089,1265,198,1379,3,1804
XNA,3.9837,0.9006,4.2865,0.0143,5.7076,2628,695,5226,10,4811
ABE,4.9583,0.6592,2.7072,0.0076,5.7074,1109,199,1476,11,1553
CRW,3.9441,0.9587,3.2316,0.0029,7.9085,1309,236,1725,3,1927
CHA,4.8171,0.6404,3.2204,0.0007,5.9496,2040,308,2935,2,3149
ILM,3.8314,0.3642,2.3429,0.0150,4.8000,1108,126,1388,10,1736
EVV,4.1707,0.8604,3.7898,0.0038,5.1555,1150,164,1820,4,1550
PSC,4.0401,0.5966,2.0795,0.0068,4.4076,565,96,1185,9,1302
SHV,4.9475,0.4817,2.3508,0.0040,5.6471,2494,278,3000,8,3169
BTR,7.3194,0.5826,2.5268,0.0015,4.9119,3527,293,3575,4,3170
CRP,2.1875,0.6643,2.4456,0.0055,5.2642,1071,223,1805,3,2272
HRL,1.9365,0.6577,2.1324,0.0007,5.2310,947,98,1275,1,1760
ISP,3.7211,0.3873,1.9802,0.0249,4.9156,2462,149,2098,13,2362
LBB,2.7155,0.7855,2.0056,0.0034,5.2037,1714,269,2020,5,2725
MAF,2.5169,0.6328,1.9012,0.0210,5.5678,2135,346,2667,27,3861
AMA,2.7974,0.6039,2.7167,0.0109,4.4737,1143,192,1738,9,1913
ITO,1.0000,0.1183,0.1309,0.0004,2.0565,1597,249,195,1,2176
ACY,2.4769,0.2620,5.8355,0.0321,3.5056,1099,85,2434,17,896
PBG,7.3184,0.3327,4.3492,0.0058,6.3457,291,37,526,1,346
IAG,3.6974,0.6647,4.9619,0.0051,5.7161,272,48,430,1,279
LBE,1.8976,0.2901,4.4885,0.0140,5.2088,319,29,708,5,418
CLD,0.7473,0.6349,2.5741,0.0000,5.1888,11,6,74,0,59
LAR,5.4749,1.1823,3.7418,0.0284,3.4855,129,32,287,5,200
SBA,3.3502,0.2417,4.7871,0.0046,6.2873,971,90,3505,5,3583
SBP,3.8402,0.5628,5.2555,0.0199,6.6797,845,95,2488,18,2354
DVL,6.9259,2.2807,2.0348,0.0102,4.1509,123,54,217,4,181
FLG,2.7686,0.9253,1.3753,0.0185,3.6558,246,88,513,5,551
SUN,2.5731,0.7162,3.8117,0.0192,5.0426,183,44,595,9,439
FCA,2.9450,0.5286,2.1940,0.0044,3.7607,335,81,897,2,801
MRY,3.2517,0.3694,3.0791,0.0052,7.3342,549,60,1808,7,1918
SAF,6.9246,0.5824,2.1061,0.0035,6.3602,514,43,698,2,773
GCC,4.0842,0.6730,2.0907,0.0063,3.9914,140,36,323,2,301
PAH,4.3340,0.9403,4.6239,0.0022,7.0365,125,21,381,1,418
CEC,0.8684,0.0000,9.5842,0.0000,7.9474,5,0,24,0,28
MFR,4.6654,0.5836,4.7396,0.0063,6.2331,774,101,1905,6,1888
MBS,4.4070,0.8430,2.5301,0.0000,5.9693,415,71,927,0,1082
MLI,4.7721,1.1878,2.6099,0.0073,5.6064,1297,321,1997,5,1964
CID,3.9494,1.1589,2.9379,0.0051,6.0007,2251,627,3651,15,3801
RAP,3.9264,1.4744,2.4378,0.0069,5.6991,914,279,1557,9,1831
EUG,3.4783,0.3256,4.5847,0.0060,5.4665,849,85,2199,8,1954
RDM,4.4350,1.0231,5.1161,0.0065,5.9285,650,158,1848,10,1655
FWA,6.8018,0.8096,2.7285,0.0081,4.9648,2246,339,2734,9,2435
MKG,3.5331,0.2151,3.6347,0.0000,7.4389,83,12,349,0,461
CMX,8.2662,2.0579,4.2931,0.0384,6.1360,181,43,391,8,384
MOT,5.6437,1.5507,1.8871,0.0788,4.0829,407,133,715,20,721
BFL,4.1842,0.2061,2.2728,0.0019,4.2941,473,25,805,3,890
GJT,2.8742,0.6715,1.4899,0.0015,2.9495,464,120,966,2,891
ASE,5.4773,1.7114,4.3420,0.0221,9.9630,1857,586,3552,21,3931
ACV,4.8563,0.7721,5.1823,0.0279,8.8636,264,24,913,4,1061
YUM,2.8745,0.1331,1.0593,0.1031,2.9762,210,17,460,7,508
DRO,3.8748,0.8782,2.7457,0.0047,5.4153,731,181,1221,3,1175
ERI,3.4188,1.0476,2.9706,0.0224,5.7247,247,40,440,1,495
JMS,6.4716,1.0004,1.2147,0.0090,8.5190,242,38,345,2,445
LAN,4.0652,0.6849,2.7768,0.0017,5.9177,700,141,1351,4,1362
SBN,6.3362,1.0874,2.8606,0.0205,4.3477,2480,429,2756,30,2187
LNK,4.4142,1.0683,2.9030,0.0062,4.0957,523,122,1135,3,974
MMH,6.7516,1.1635,6.0612,0.0009,12.7434,57,8,200,1,213
TVC,3.8061,0.8909,3.6686,0.0061,6.9357,876,208,1780,7,1957
GFK,3.9651,1.2910,1.5174,0.0349,4.0379,292,116,529,9,590
PLN,4.6402,1.5183,1.0047,0.0566,9.3930,148,56,251,14,487
SGU,3.4295,0.3413,1.3166,0.0031,2.6846,458,57,830,3,793
SPI,5.0963,0.6623,3.6520,0.0186,5.9028,443,79,869,4,822
EAU,5.3031,0.8086,4.3526,0.0000,4.7738,110,12,326,0,299
HLN,3.5483,0.2992,1.7107,0.0005,1.5353,212,34,479,1,233
SMX,4.8044,0.1416,2.8317,0.0620,7.0504,78,6,165,2,207
LCH,3.4008,0.9440,2.6255,0.0106,3.8718,338,92,627,3,581
LRD,4.6238,0.5895,3.2183,0.0011,4.7448,576,56,940,2,985
TYR,2.6618,0.7291,1.9599,0.0140,5.5576,335,53,522,7,648
RHI,5.0071,1.4040,2.3056,0.0116,4.6597,148,49,400,7,319
GTF,4.1098,0.7175,1.5442,0.0017,2.7316,249,63,504,3,416
VEL,4.9722,0.6380,1.5217,0.0156,6.9948,17,15,74,1,119
HIB,3.1602,0.9908,1.6323,0.0103,5.2696,94,34,278,4,287
ESC,4.2091,0.5903,1.5107,0.0154,9.3188,110,30,195,5,361
INL,3.6859,1.5590,1.7063,0.0069,4.8555,72,39,209,1,240
IMT,4.2489,2.3185,1.1540,0.0045,6.1861,135,64,222,2,290
STC,6.0797,1.1731,2.6291,0.2637,9.5110,18,5,42,5,55
BRD,3.9593,2.1341,2.4383,0.0341,2.4164,108,40,317,12,167
PIH,1.5784,0.3925,1.3418,0.0000,3.2295,85,25,374,0,330
TWF,2.0454,1.2039,1.9568,0.0174,3.9502,144,124,436,7,387
EKO,3.0990,0.7964,0.8473,0.0253,2.5298,47,29,167,6,127
IDA,2.6356,0.4435,1.4755,0.0020,3.9004,360,67,726,2,783
AZO,3.6979,1.0291,2.7283,0.0057,5.1154,443,149,1145,4,1033
LWS,2.1952,0.9175,0.2911,0.0092,1.9476,58,15,81,1,114
CIU,6.3835,2.4648,1.6428,0.2020,6.1662,186,44,284,16,278
ISN,5.4922,1.2524,2.1334,0.0071,3.0352,307,105,616,5,451
BMI,4.6780,0.7032,2.7017,0.0244,5.8880,748,141,1375,10,1207
PUB,4.1100,1.1356,2.8487,0.0107,8.0339,58,29,274,3,256
RKS,3.0484,1.0993,2.3864,0.0220,3.5386,60,28,246,6,196
ABR,6.4763,1.4223,1.5415,0.0318,3.9372,202,40,281,12,231
CWA,3.2437,0.9626,3.3508,0.0138,5.0327,490,97,901,6,837
RST,4.6455,1.2280,3.3942,0.0168,6.7377,783,209,1494,9,1494
LSE,3.6271,1.2545,2.7746,0.0027,6.0359,333,124,829,1,887
DIK,2.6827,0.8519,1.7317,0.6056,2.4144,28,6,56,3,50
PIA,5.1892,0.9480,2.8590,0.0296,5.6477,1478,300,2105,9,1979
RDD,4.7301,0.2838,6.7096,0.0018,6.1222,135,8,675,1,625
COD,4.2994,0.7341,1.8718,0.0249,4.2753,148,65,315,7,272
CPR,1.7660,0.9013,1.7139,0.0053,3.0072,98,47,370,2,344
HYS,5.8573,0.5169,1.7922,0.0000,9.3262,124,28,359,0,465
CNY,3.4628,0.6101,2.9279,0.0000,7.8879,20,12,109,0,155
APN,5.1804,3.0577,1.0854,0.0800,6.0554,116,70,199,20,261
BJI,5.3754,0.9504,1.4899,0.0330,3.9828,158,40,249,8,195
BTM,3.4990,1.3197,1.2841,0.0000,3.0303,60,38,131,0,135
CDC,2.0147,0.2166,1.2142,0.0000,4.3654,47,15,247,0,320
GUM,4.9965,0.7663,0.9687,0.0000,1.8585,275,15,184,0,22
FSM,4.6937,1.0704,1.7768,0.0027,5.9871,503,116,736,1,874
OTH,4.2482,0.1631,6.0749,0.0132,18.9239,37,11,267,2,441
LAW,5.0856,1.1975,1.6952,0.0555,6.2219,409,79,561,1,661
MHK,5.0347,1.1126,3.2036,0.0014,5.5610,326,64,676,1,634
SJT,3.9389,0.9816,1.3702,0.0091,4.9947,466,111,523,6,708
BPT,5.1648,1.4195,3.0413,0.0101,6.9356,280,55,393,3,403
CLL,3.8235,0.6862,2.1522,0.0000,4.5815,365,79,661,0,792
BRO,2.7605,0.9171,2.6667,0.0010,4.7151,416,109,715,2,827
SPS,4.4885,0.6490,1.6991,0.0031,4.6682,323,48,401,1,437
GGG,2.9174,0.9076,2.0875,0.0236,5.5053,182,39,304,5,296
MLU,5.1788,0.6371,2.1760,0.0383,6.2166,928,99,1219,13,1426
GRK,4.1564,0.6593,2.6973,0.0032,4.8693,788,123,1205,3,1283
SCE,5.6385,1.8950,3.1016,0.0031,5.4854,339,110,605,1,605
HOB,2.9982,0.8775,4.7667,0.0000,1.9561,135,34,270,0,114
MEI,7.5654,0.7002,2.6937,0.0069,14.4580,340,36,619,4,920
PIB,8.7339,0.3656,1.7093,0.0080,7.2407,278,13,330,5,325
AEX,4.0092,0.8178,3.2498,0.0105,5.3858,878,228,1553,8,1435
MGM,4.4039,0.6994,1.8577,0.0022,7.1322,1192,181,1353,5,1860
GTR,4.1729,0.6820,1.6404,0.0202,5.6363,280,29,428,1,480
DHN,4.5867,0.7591,2.1775,0.0000,6.4371,433,59,700,0,768
PHF,3.7497,0.4467,1.3681,0.0086,6.0913,615,64,519,3,888
ELM,4.9023,0.4832,1.9616,0.0050,3.8798,352,32,423,4,384
VLD,4.5843,0.7304,1.6717,0.0000,4.5985,303,37,400,0,442
BQK,4.6138,0.4614,1.8066,0.0010,4.9943,275,28,421,1,408
CSG,3.3950,0.4302,1.4830,0.0000,6.8805,417,35,512,0,660
OAJ,5.2912,0.4685,1.3952,0.0026,5.8236,698,68,713,2,947
EWN,3.7144,0.6024,1.1200,0.0006,6.0796,383,67,355,1,601
ABY,5.8080,1.0868,1.5405,0.0061,6.2100,293,49,399,1,485
TTN,4.6320,0.4179,4.4319,0.0000,9.1843,1615,142,1792,0,1617
ILG,6.0000,0.6900,10.7300,0.0000,11.9100,16,5,26,0,25
UST,3.7070,0.3442,5.4465,0.0000,12.0326,41,7,67,0,69
TOL,4.0057,0.6593,2.9422,0.0015,5.4444,332,61,534,1,555
COU,6.1634,1.3399,4.4329,0.0540,5.6697,461,147,884,14,667
ABI,3.8577,2.2512,1.7872,0.0115,4.0253,586,180,617,8,599
DBQ,1.6691,1.5701,3.6437,0.0000,5.4875,124,67,356,0,346
PPG,11.5518,3.6656,3.8110,0.2893,15.8462,114,18,4,8,81
ROW,4.0807,1.4371,1.3496,0.0301,5.0146,266,66,322,2,389
ACT,3.1434,0.5857,1.2370,0.0054,5.6064,363,66,529,4,749
ALO,4.1819,0.8118,3.6834,0.0127,5.0317,160,27,277,1,228
MQT,7.9868,3.7021,4.1194,0.0192,6.2274,310,92,503,8,380
GCK,6.0325,2.0604,2.0751,0.0057,3.8449,183,63,279,2,189
CMI,3.6453,2.1475,3.0606,0.0009,4.1171,409,228,825,1,622
JLN,5.2277,1.5175,3.2774,0.0059,5.8460,295,52,450,2,374
GRI,6.9109,1.6983,2.5161,0.0287,4.6793,308,73,423,4,278
TXK,3.8195,0.8697,1.7505,0.0047,4.8869,259,45,388,1,400
SUX,4.1476,2.5619,4.5912,0.0457,6.1809,321,124,495,8,451
ITH,7.0327,2.2740,1.7661,0.0003,6.9414,214,61,314,1,382
BGM,6.7287,2.1829,1.5355,0.0025,5.9096,185,52,262,3,337
BGR,3.9370,0.6240,8.0367,0.0007,5.5406,692,86,1559,1,983
ACK,5.6849,1.1140,7.0769,0.2061,12.5103,538,41,620,47,675
MVY,4.9823,0.6484,8.7644,0.1710,8.2207,235,22,279,20,281
WYS,3.9092,0.1174,0.5313,0.0000,4.8183,34,8,55,0,110
GST,1.1825,0.1144,1.4063,1.2409,5.7153,28,2,52,19,45
AKN,1.1150,0.0000,1.0735,1.7412,1.1406,14,0,33,21,11
DLG,1.6521,0.2263,0.5572,0.5109,2.4136,23,4,26,12,20
HYA,3.1340,0.1128,10.3936,0.0468,8.2277,49,1,70,2,63
BFF,4.6347,2.0909,4.1268,0.0000,3.0692,32,18,123,0,67
EFD,5.0000,0.0000,49.0000,0.0000,2.0000,1,0,1,0,1
SPN,3.3338,0.0424,0.7647,0.0000,4.3967,30,2,46,0,65
PGD,4.5885,1.8573,1.4281,0.0314,4.3156,762,291,854,15,953
ENV,0.0000,0.0000,0.0000,0.0000,0.0000,0,0,0,0,0
TKI,0.0000,0.0000,0.0000,0.0000,0.0000,0,0,0,0,0
IFP,1.2692,0.0000,2.5110,0.0000,9.0989,12,0,62,0,58
STS,4.9729,0.5107,2.7602,0.0728,6.2059,310,23,575,17,640
CKB,11.2016,0.8643,5.7010,0.0000,6.1976,175,18,199,0,149
CGI,7.5819,1.4108,4.0307,0.0000,6.8847,84,24,156,0,159
UIN,6.0207,0.6727,4.8114,0.0000,9.5864,66,14,174,0,230
SWO,2.7584,1.7017,1.7058,0.0000,3.5316,58,35,120,0,122
SFB,5.4968,1.0871,1.5970,0.0377,3.4391,2078,414,2012,31,1852
PIE,4.6999,1.8006,1.3608,0.0093,3.0604,1003,467,1003,2,1038
BLV,8.0481,2.7210,1.9828,0.0751,11.2942,194,64,256,6,370
HGR,7.7196,1.6075,2.1464,0.2897,13.7445,31,17,48,6,67
RFD,5.7060,0.6878,2.3467,0.0345,7.4669,144,20,173,2,198
OWB,8.5540,4.1831,1.1549,0.0000,9.2441,25,7,22,0,49
HTS,5.0805,1.1591,1.9824,0.0208,10.1673,242,32,167,3,282
USA,4.8430,0.9008,3.4848,0.0405,11.4962,168,36,404,6,478
LCK,6.4063,0.9528,2.0420,0.0708,12.0845,261,44,318,12,412
AZA,5.0911,0.7184,2.0365,0.0762,3.3171,1026,202,1140,28,1004
OGD,4.7749,3.7706,2.6277,0.0000,8.7446,39,7,40,0,50
PVU,7.4757,1.0376,1.0876,0.0000,8.1432,113,32,120,0,180
YNG,0.0000,0.0000,18.5000,0.0000,52.0000,0,0,1,0,1
SCK,5.3468,0.5017,2.0758,0.1268,10.5208,307,33,254,10,428
PSM,6.8049,1.0385,3.0536,0.0577,9.6951,88,15,97,2,111
OGS,10.5150,0.3453,6.0075,0.0300,8.7538,46,4,89,2,59
HVN,3.2810,0.3846,3.1173,0.0000,6.2895,165,12,194,0,186
LYH,2.9611,0.8607,1.1408,0.0025,6.6068,113,30,121,1,201
FLO,3.5824,0.0000,0.9588,0.0000,7.3059,31,0,10,0,24
LBF,3.8216,0.1147,3.1499,0.0109,2.7102,21,2,97,2,52
LBL,6.8364,1.6164,4.0801,0.0000,4.4874,52,12,112,0,80
PGV,6.0748,0.5174,1.4129,0.0707,9.2920,145,12,70,1,141
LWB,6.5012,0.7792,5.4448,0.0008,14.4037,28,12,192,1,238
SHD,10.9737,0.4905,4.3336,0.0124,8.3803,92,10,114,2,109
SLN,11.4307,1.0080,6.8226,0.0018,9.1522,78,13,239,1,222
BKG,1.7715,0.0000,6.8742,0.0000,9.6755,14,0,55,0,52
HHH,5.5884,0.9635,3.4543,0.0286,6.6267,180,47,327,2,259
PRC,6.8273,1.0031,4.3957,0.0164,5.3453,99,10,133,1,82
EAR,5.5170,1.8869,3.6527,0.0000,3.1776,29,7,75,0,48
DRT,4.4158,3.4982,1.1816,0.0000,2.7252,37,27,45,0,52
CYS,12.0262,0.9459,2.7068,0.0733,7.1920,67,6,66,2,64
ART,5.2778,1.2037,1.4481,0.0926,6.8630,45,5,21,2,22
PAE,3.1650,0.3479,8.7204,0.0012,4.7839,54,5,232,1,145
PIR,4.9178,4.5388,2.6393,0.0289,8.3820,22,13,39,3,54
ATY,9.4837,4.2352,4.9254,0.0000,5.5373,19,10,63,0,56
BFM,0.5063,0.0000,8.3861,0.0000,7.5949,4,0,39,0,19
XWA,9.9034,8.4493,2.0435,0.4396,10.3913,16,10,23,4,20
