Dest,AVG(CarrierDelay),AVG(WeatherDelay),AVG(NASDelay),AVG(SecurityDelay),AVG(LateAircraftDelay),COUNT(carrierDelay),COUNT(WeatherDelay),COUNT(NASDelay),COUNT(SecurityDelay),COUNT(LateAircraftDelay)
LAX,3.7250,0.4769,3.3650,0.0230,4.4762,103527,10889,144817,826,101865
JFK,4.0705,0.5611,6.3287,0.0267,5.7199,57579,4886,73516,493,57489
HNL,3.5338,0.2652,0.8089,0.0118,2.3837,22874,2396,9198,120,14767
DFW,4.3513,0.7940,2.9434,0.0180,5.3574,103967,16265,124223,968,115903
OGG,3.2653,0.1697,0.8767,0.0147,1.9065,10243,670,5195,73,5188
SFO,3.6254,0.5847,7.9867,0.0151,5.4114,67510,9704,144309,422,90261
MIA,4.4476,0.5816,2.5898,0.0274,4.5446,40949,4634,41241,363,31765
LAS,2.8604,0.4023,2.3373,0.0202,4.5399,75708,6199,73354,616,81353
ONT,3.3963,0.2417,0.9075,0.0167,5.3914,12309,526,7232,70,13646
DCA,3.3667,0.5773,2.9297,0.0163,4.7822,48599,6341,51567,326,48004
MCO,3.9121,0.4982,2.7760,0.0254,5.3036,76207,6186,70017,549,66586
ATL,3.5707,0.5190,2.0983,0.0093,3.7406,135423,17065,146076,538,142180
PHX,3.2550,0.3342,1.7543,0.0231,4.1797,76885,5539,71830,579,78369
IAD,3.5660,0.7219,2.2667,0.0090,5.2187,19725,3124,18658,69,19933
TPA,3.7455,0.5429,2.3000,0.0212,4.6222,40925,3840,34640,272,35499
PHL,3.5632,0.5243,3.8618,0.0170,4.5507,40246,5005,51359,299,39894
MKE,3.7947,0.5230,1.4857,0.0103,4.9440,15647,1511,12184,63,16702
HDN,4.9932,0.7630,2.5879,0.0019,3.7845,517,74,567,1,438
SAN,2.9783,0.3792,1.6080,0.0158,4.1541,42656,3056,36520,285,42333
ORD,3.7805,0.7641,5.1587,0.0110,5.4630,108961,17047,189407,627,145459
SEA,2.8160,0.3943,2.6588,0.0198,3.5735,50093,5339,76153,623,51374
DTW,3.8588,0.7343,1.9178,0.0120,4.5889,47784,6949,49205,309,54927
SJC,2.7333,0.2011,1.0516,0.0171,4.4586,24060,1072,18056,131,27986
SLC,3.2575,0.5026,1.1533,0.0117,3.6553,37635,4284,34862,229,41847
KOA,2.2083,0.1195,0.8299,0.0102,1.5540,4640,321,2596,21,2790
SJU,5.7904,0.6815,2.3060,0.0507,4.5760,20698,1696,14259,230,13154
DEN,3.3979,0.5136,2.5415,0.0109,4.6412,95736,10181,107977,506,105365
STL,3.2040,0.4022,1.3781,0.0186,4.6478,31808,2453,22926,186,32354
PDX,2.8454,0.3399,1.3957,0.0220,4.0320,26328,1935,23698,251,27005
JAC,5.4555,1.5680,1.8735,0.0048,4.9358,2216,368,1803,4,1748
CLT,3.0615,0.4668,1.9025,0.0133,4.1604,61026,8029,63483,504,65654
CLE,3.9320,0.6297,2.1156,0.0072,5.7052,20497,2371,17782,64,21387
HOU,2.7153,0.4241,1.8049,0.0213,4.4917,31059,2236,25632,203,33983
SMF,3.0355,0.3002,0.9519,0.0178,5.0496,24791,1326,16301,145,28189
TUS,3.9827,0.4248,1.3931,0.0259,5.2758,9207,764,7576,77,10170
BOS,3.8026,0.6072,4.8024,0.0139,5.9821,74851,7568,87769,364,76627
RNO,3.4436,0.2970,1.0627,0.0144,5.0487,9225,474,6140,53,10050
MSY,3.4748,0.5483,1.9436,0.0200,4.4480,27152,2693,22098,148,24813
SNA,2.5190,0.3065,1.1098,0.0086,3.3020,19328,1427,14257,89,19069
BDL,4.3322,0.7000,1.7187,0.0194,5.0057,14869,1554,9773,88,12745
RSW,3.9111,0.5294,2.6001,0.0114,3.9724,17297,1723,15775,83,12990
SAT,3.6386,0.6007,1.4638,0.0173,4.8413,20978,2113,14700,97,20355
PBI,4.7063,0.6194,2.9549,0.0238,5.2594,17934,1431,14880,121,13438
BWI,2.6881,0.4815,1.9309,0.0213,3.9742,46675,4492,37681,398,47891
BNA,3.4120,0.5099,1.4956,0.0152,4.7139,33102,3017,24693,166,34166
EWR,3.6962,0.6671,10.6449,0.0097,5.3917,51745,6550,123134,189,62577
JAX,4.2401,0.6193,1.8937,0.0141,4.5142,14606,1571,10976,84,12085
AUS,3.6594,0.5071,1.8477,0.0175,4.7469,30571,2728,24242,173,28890
LGA,4.0396,0.8880,8.0178,0.0158,4.9324,55842,9605,112236,310,66599
RDU,4.0714,0.6100,1.9320,0.0172,5.2536,27100,2823,21403,122,24661
LIH,2.3767,0.1308,0.6652,0.0094,1.6947,4628,331,2003,33,2662
MCI,3.3833,0.4880,1.4072,0.0149,4.4235,25480,2225,18168,119,25288
ORF,4.3806,0.8174,1.9291,0.0134,5.0192,8777,1242,7155,33,8302
IAH,3.3003,0.7070,3.5090,0.0076,4.3284,54236,8785,79660,225,57139
COS,5.5307,0.9977,2.2822,0.0138,6.3436,4979,646,5052,20,5441
STT,5.1855,0.5914,2.2387,0.0324,3.2387,2414,238,2005,28,1324
MEM,3.8892,0.7468,1.8143,0.0114,4.4806,10211,1442,8428,50,9299
FLL,4.0778,0.4703,3.3442,0.0316,5.2977,57214,4194,53981,584,46440
MFE,4.6310,1.0452,1.6414,0.0144,5.2515,1985,358,1607,8,1706
IND,3.9626,0.5805,1.6348,0.0145,5.0786,18970,2049,14879,95,18921
OKC,4.0319,0.7820,1.6482,0.0140,5.1116,10806,1247,8282,34,10971
PIT,3.8352,0.5871,1.5243,0.0214,4.9180,19112,2069,13679,115,18382
TUL,4.0011,0.7326,1.5353,0.0078,4.6433,8628,1001,6327,20,8209
ELP,3.8959,0.5435,1.2754,0.0102,5.5322,8722,758,5685,26,9027
MSP,3.7879,0.8160,1.9955,0.0135,3.9069,48389,7832,54600,275,52556
CMH,3.6525,0.6047,1.6309,0.0154,4.9004,17276,2044,13323,82,17661
PSP,3.5524,0.3828,1.6716,0.0092,4.8963,4297,406,5049,22,4945
DAY,4.1098,0.9660,1.9540,0.0108,5.8236,4737,939,4687,24,5250
ABQ,3.6680,0.3979,1.2218,0.0207,4.8235,12784,835,8163,81,12836
GUC,6.5163,2.0269,2.3776,0.0131,4.3834,195,33,163,1,131
SDF,3.9140,0.6220,1.7449,0.0190,4.7784,8084,1101,6875,46,8051
BHM,4.2165,0.7787,1.6092,0.0127,4.7850,8274,1256,6300,26,8039
EGE,6.8039,3.2910,3.5798,0.0002,5.1617,1057,200,1144,1,660
DSM,3.9492,0.8454,1.8940,0.0083,4.9696,5712,959,5259,22,5743
RIC,5.3500,0.6944,2.0947,0.0129,5.7071,11586,1342,9738,55,10814
OMA,3.7997,0.6027,1.4783,0.0129,4.5770,11031,1271,8353,41,11028
STX,5.1705,0.8946,1.5077,0.1196,3.3042,700,109,491,22,458
FAT,4.3273,0.3070,1.2188,0.0194,5.4675,3795,266,3936,15,4922
LIT,3.5743,0.7726,1.6951,0.0142,4.1007,5587,972,4862,24,5371
ICT,4.1080,0.7650,1.8049,0.0063,4.5982,4526,666,4090,11,4579
MTJ,4.3488,0.7658,1.9079,0.0070,3.8707,689,82,632,2,525
BET,1.7547,0.7457,0.6203,0.0000,1.2440,194,63,237,0,115
ANC,2.2726,0.3527,1.3824,0.1259,2.6091,5878,623,7602,488,5084
BRW,0.7240,0.6186,0.7037,0.0121,2.9256,76,65,244,5,236
SCC,1.7018,0.5344,0.6138,0.0000,1.6550,191,50,225,0,141
FAI,2.3273,0.3138,1.3254,0.0221,2.0352,1071,110,1383,19,841
KTN,2.6723,0.3432,1.2384,0.0213,2.4474,787,72,1063,11,641
JNU,2.1780,0.4558,0.9915,0.0569,2.4820,1088,163,1590,53,1158
SIT,2.1918,0.2577,1.0441,0.0187,3.2669,383,38,584,3,503
PSG,1.9675,0.5216,1.2163,0.0223,5.1361,195,48,354,5,327
WRG,1.5229,0.6651,1.2624,0.0369,5.3283,166,62,402,9,367
OME,1.3758,0.6084,0.8696,0.0446,1.8903,173,61,274,12,168
OTZ,1.8959,0.6033,0.8923,0.0197,0.9585,167,33,206,6,72
ADK,1.6699,0.1075,1.4511,0.0000,1.6507,24,1,36,0,20
OAK,2.7821,0.1251,1.1710,0.0204,4.8314,28157,715,18927,163,32137
BLI,2.8767,0.2841,1.5043,0.0028,2.7671,381,40,492,2,402
BUR,2.9422,0.1846,0.8911,0.0171,4.7039,13078,380,8233,85,15303
GEG,3.5947,0.3646,1.1246,0.0146,3.8164,5642,372,4446,31,5360
ADQ,1.7045,1.1215,0.8424,0.0000,1.0638,145,57,192,0,81
YAK,0.7030,0.1778,1.0019,0.0838,4.0169,105,23,310,11,323
CDV,1.9137,0.2715,1.0044,0.0000,3.0594,198,25,317,0,248
LGB,3.3989,0.2488,1.1259,0.0200,5.8388,8606,280,5186,51,8648
HPN,6.8115,1.0265,2.3152,0.0357,6.3569,7260,616,4793,39,5529
PWM,4.8915,0.7541,2.2449,0.0148,5.6438,4856,436,3785,26,4522
SYR,4.8907,0.6791,1.9804,0.0103,5.6925,5579,638,4425,25,5033
ROC,4.5131,0.7349,1.8343,0.0276,5.0712,6075,712,4254,23,5578
BTV,4.8991,0.9648,2.3578,0.0026,6.1623,3472,392,3006,8,3389
SAV,4.1528,0.9070,1.9428,0.0108,4.6452,5647,924,5252,23,5148
SRQ,3.4601,0.7083,2.0033,0.0083,3.4074,2430,377,2223,11,1826
BUF,4.5818,0.6181,1.5988,0.0209,5.3335,13078,1165,8347,62,11566
SWF,8.4057,1.1434,2.5355,0.0374,4.9209,1029,148,671,7,749
PVD,4.1800,0.6050,1.6179,0.0271,5.0316,8738,827,5833,50,8264
PSE,8.1269,0.2861,1.7386,0.0460,8.0131,1041,33,386,9,749
BQN,6.9408,0.5498,2.8315,0.0619,7.5139,2030,116,1165,16,1519
CHS,3.9401,0.6653,1.7242,0.0152,4.3997,9320,1176,7420,57,8152
ORH,7.6722,0.9258,2.0474,0.0447,4.6411,754,63,430,7,435
BZN,3.4224,0.7972,1.5915,0.0082,3.6075,2263,309,2041,4,1889
DLH,4.4526,3.0414,1.5387,0.0158,4.2113,967,258,917,5,1142
GRR,4.2022,0.8705,1.9370,0.0160,4.6927,6927,1118,6305,20,6723
CAE,5.0320,0.6892,1.6306,0.0034,5.1928,3026,435,2331,8,2751
MOB,4.9561,1.2344,1.9032,0.0074,4.1709,2559,431,2399,6,2369
CVG,3.8479,0.7587,2.1253,0.0115,5.9757,14276,2360,14378,65,16334
LEX,5.3283,0.8121,1.7951,0.0113,4.3948,3520,561,3022,14,3339
EYW,3.6707,1.1171,1.7157,0.0009,2.0210,1071,188,1216,3,813
TLH,3.8693,0.9264,1.3102,0.0123,3.6919,1978,404,1553,13,1694
FAR,4.3905,1.2154,1.9094,0.0028,3.8950,2117,424,2325,5,2126
FSD,4.9579,0.9399,2.2514,0.0073,4.7898,2756,472,2998,6,2712
MHT,3.8049,0.6281,1.3463,0.0186,5.0461,4099,382,2567,17,4312
SGF,4.0139,1.1155,1.9923,0.0123,4.2770,2858,693,3023,12,2710
DAB,3.3680,1.0242,1.4510,0.0138,2.9402,1193,318,937,14,938
MDW,2.3581,0.5212,1.5007,0.0193,4.0527,41117,3643,31286,297,45302
BIL,3.6491,0.8152,1.2539,0.0051,3.3826,1379,212,1212,2,1228
MDT,4.2154,1.1265,1.9667,0.0052,3.7347,2009,411,1865,7,1758
HSV,4.1333,0.9209,1.5109,0.0045,4.1984,2821,578,2297,8,2538
GSO,4.3655,0.8475,2.2760,0.0030,5.2689,4718,825,4841,8,4851
MSO,3.4088,0.9354,1.3092,0.0027,3.0293,1069,133,1013,2,959
GSP,4.3830,0.8326,1.7711,0.0063,5.0164,5366,840,4434,19,5211
PNS,3.5382,0.9178,1.6489,0.0117,3.9477,4253,769,3350,17,3709
VPS,3.9824,1.1477,1.6036,0.0132,4.3020,2888,544,2531,16,2658
JAN,4.0233,0.9158,1.7026,0.0062,3.9321,3183,617,2893,12,2679
GNV,4.7840,0.5950,1.4568,0.0060,4.0310,1750,232,1451,5,1512
TRI,5.5882,0.9609,1.0918,0.0046,4.1326,1204,173,785,3,1023
BOI,3.5199,0.4179,1.0553,0.0124,4.7045,7206,558,5653,42,8700
ECP,4.3937,1.2970,1.5936,0.0043,3.8371,2506,393,1712,6,2293
ALB,4.2719,0.7274,1.5358,0.0221,4.5283,6130,680,3957,47,5392
FNT,3.7994,0.7780,1.5203,0.0060,4.2184,1771,311,1617,5,2005
TYS,5.3541,0.8167,2.3621,0.0050,6.1329,6047,872,6092,12,6090
GPT,3.9848,1.4374,1.7171,0.0084,4.0812,1736,319,1557,10,1480
MLB,3.1332,0.7967,1.3132,0.0066,2.7062,863,180,656,5,637
ROA,5.1154,0.8837,1.5708,0.0062,3.6248,1158,175,945,3,958
DAL,2.5443,0.3842,1.7669,0.0214,4.5349,37148,2651,30450,247,41980
AVL,5.0285,1.2510,2.0285,0.0110,5.0560,2716,513,2630,14,2855
MSN,4.0064,0.7759,1.9415,0.0018,4.5205,4743,850,4858,7,4903
ATW,4.7363,1.1726,1.7308,0.0016,3.4942,1381,255,1469,1,1350
AVP,4.5203,1.0916,2.0605,0.0154,4.1948,1091,237,1084,4,1123
AGS,4.7317,1.1964,1.4637,0.0091,4.5271,1734,333,1350,5,1518
CAK,4.9582,0.9552,2.0101,0.0156,7.0844,3430,530,3127,19,3971
MYR,3.0388,0.4592,3.5302,0.0286,3.7465,3156,422,4256,59,2572
GRB,4.7280,1.0869,1.9615,0.0134,4.5019,1956,362,2129,8,2136
FAY,4.2263,0.7654,1.0852,0.0171,4.2786,1288,268,945,9,1108
CHO,5.6164,1.2913,2.3330,0.0128,6.1758,1941,333,2002,8,2310
LFT,4.2612,0.8533,1.8401,0.0042,3.8250,1855,327,1846,6,1630
BIS,4.3824,1.2300,1.5833,0.0041,4.0059,1348,255,1368,4,1427
CRW,4.8570,1.3645,1.6923,0.0067,5.3772,1755,325,1450,9,1665
ABE,5.0120,0.9121,1.8891,0.0038,3.7324,1499,268,1360,4,1326
ILM,4.1963,0.6649,1.6175,0.0085,4.4117,1989,332,1770,8,1910
XNA,4.2341,0.9269,2.3195,0.0106,4.6915,4514,870,5050,17,4639
CHA,5.3700,0.8576,1.9809,0.0024,5.6932,3072,497,3032,6,3320
EVV,4.6621,0.8243,1.4648,0.0006,4.8343,1569,296,1351,2,1669
PSC,4.1802,0.7051,1.3912,0.0063,4.5665,1150,142,1247,3,1486
SHV,5.2097,0.6261,1.5264,0.0008,4.7382,3083,322,2636,2,2986
BTR,6.3481,0.4581,1.7179,0.0008,4.6291,3996,290,3369,2,3417
HRL,3.2083,0.5758,1.1721,0.0064,4.3117,1688,147,1104,3,1843
LBB,3.9447,0.6608,1.4922,0.0156,5.2776,3085,307,2415,14,3242
ISP,4.2534,0.4213,1.3758,0.0320,6.7970,3384,219,1916,19,3676
AMA,3.4523,0.6534,1.5081,0.0146,4.9662,2235,252,1834,10,2347
MAF,3.8063,0.6235,1.7088,0.0135,4.9885,3961,485,3384,22,4198
CRP,3.9682,0.7004,1.6370,0.0058,4.9035,2352,322,2065,5,2419
ACY,2.7202,0.3915,6.9993,0.0333,4.5589,1496,143,2829,32,1154
MHK,4.3376,1.2669,2.4520,0.0023,4.7407,590,184,745,1,664
PBG,8.5753,0.7821,3.2062,0.0349,4.4532,333,38,407,5,233
LBE,3.1220,0.7249,5.7165,0.0499,5.0159,493,70,843,9,447
MRY,4.3529,0.4223,1.5992,0.0153,6.7174,1249,85,1560,15,2057
SBA,4.3158,0.5180,1.5209,0.0153,6.0831,2529,187,2947,18,3704
SBP,4.4411,0.6570,1.6035,0.0156,6.3463,1501,136,2061,13,2401
GCC,3.7418,0.5267,1.1562,0.0042,3.4117,263,39,301,1,369
JMS,6.3312,1.9329,1.5218,0.0038,3.1847,270,64,313,2,310
PIA,4.6208,1.2368,1.8975,0.0050,5.0570,1784,382,2012,5,2051
MOT,4.2322,1.3524,1.6065,0.0045,3.2289,612,93,766,1,761
SUN,2.8426,1.0334,1.1863,0.0031,2.0496,380,60,383,2,356
RAP,3.9158,1.2632,1.7218,0.0080,3.9300,1495,274,1603,4,1545
DRO,4.0210,0.8268,1.5115,0.0350,4.7004,1048,162,1036,12,1082
ISN,2.9820,0.6821,1.6275,0.0000,2.4331,407,64,540,0,482
SAF,6.4715,0.3802,1.6848,0.0124,3.7435,701,59,691,3,587
PAH,6.9620,0.6270,1.7624,0.0000,5.9379,330,34,400,0,488
PUB,7.2097,0.9123,1.8896,0.0102,4.0984,139,23,181,1,172
GFK,3.4983,1.7050,1.2745,0.0305,2.8596,439,79,438,6,494
CLD,2.5391,0.3953,1.0781,0.0000,4.0625,36,3,52,0,64
FWA,5.4082,1.1205,1.8803,0.0204,6.6339,2536,505,2868,12,3598
SBN,5.5773,1.2659,1.8695,0.0070,6.5493,2381,375,2607,5,3408
CID,4.2982,1.0719,2.0093,0.0102,4.5198,3203,699,3415,11,3313
FCA,3.2450,0.4933,1.2139,0.0061,3.0692,864,112,818,3,776
LAN,5.0851,0.8449,1.8220,0.0054,4.3280,1054,185,1158,2,1203
CMX,5.5101,2.8826,2.1355,0.0123,5.8350,318,67,349,1,421
RDM,4.6091,0.7847,1.3787,0.0159,5.2565,1182,93,1373,8,1745
ASE,7.0317,2.1084,3.4283,0.0391,5.5020,2652,536,3333,15,3000
ACV,6.1968,1.6513,1.5000,0.0000,7.7888,607,116,716,0,1064
YUM,3.4911,0.1052,0.7398,0.0247,2.8982,511,22,480,8,563
FLG,3.1803,0.4369,0.9479,0.0390,3.0247,444,47,518,14,535
ERI,4.6734,1.1484,1.7182,0.0002,4.5404,408,78,431,1,500
IAG,3.3448,0.9690,2.9142,0.1150,2.5044,201,31,275,7,148
RDD,5.6656,0.2542,1.2477,0.0000,7.1329,430,20,476,0,758
STC,2.7218,0.9091,2.7521,0.0579,5.4132,28,7,45,1,42
TVC,5.1750,0.9759,1.9628,0.0089,4.4299,1494,266,1569,4,1574
GTF,3.0621,0.6866,0.9206,0.0000,2.2794,466,70,451,0,492
EUG,4.0052,0.4499,1.3535,0.0074,5.4295,1735,155,1716,2,2253
IDA,3.2735,0.5603,1.0102,0.0046,2.5362,688,88,650,3,697
MLI,4.8244,0.8713,1.9660,0.0097,4.6078,1942,313,1883,6,1873
BFL,4.5571,0.3347,1.3043,0.0395,5.8007,979,69,999,14,1334
CPR,2.4470,0.5273,0.8656,0.0035,1.9554,284,46,278,1,304
LNK,4.3670,0.6216,2.1275,0.0255,3.8684,1031,134,1221,4,1081
LSE,3.6645,1.0204,2.4101,0.0148,4.1934,596,174,970,3,815
RKS,3.4579,0.8409,1.1348,0.0326,4.4210,198,39,232,2,298
LAR,7.7747,1.4129,1.2087,0.0083,3.4011,218,31,232,1,256
EAU,5.3916,0.8171,1.9856,0.0000,5.8801,332,38,308,0,400
MKG,6.0144,1.1140,1.5496,0.0000,4.8079,331,52,315,0,365
MBS,5.3338,1.4982,1.6197,0.0091,4.7785,960,165,897,2,1075
MFR,4.6136,0.7467,1.6901,0.0001,5.6826,1449,131,1655,1,1953
MLU,5.5248,0.7182,1.5088,0.0021,4.6751,1289,119,1145,2,1342
BRO,3.8630,0.6572,1.6311,0.0017,3.6170,825,126,898,1,815
TYR,3.1845,1.6143,1.3917,0.0168,3.5176,484,161,530,4,519
RHI,3.7377,2.8107,1.3814,0.0000,2.4031,162,67,200,0,205
IMT,3.6875,0.9810,0.7901,0.0077,3.1124,148,30,145,1,206
GJT,2.5417,0.5097,1.1437,0.0022,2.4108,889,163,1033,3,926
PLN,5.5933,2.6436,1.0926,0.0738,3.0305,279,94,274,13,294
SGU,2.6167,0.4178,1.4979,0.0028,2.7002,656,65,1035,1,733
VEL,3.1345,0.2908,0.9401,0.0000,4.4123,76,7,75,0,86
HIB,3.1102,1.8422,1.0735,0.0041,1.4538,132,52,189,1,131
ESC,4.6408,2.1254,1.1347,0.0000,4.0598,182,55,174,0,229
INL,3.1460,0.7853,0.9896,0.0000,2.7218,118,33,147,0,203
ABR,3.7889,2.3222,1.0979,0.0000,2.6934,149,34,164,0,186
TWF,2.5291,1.2450,1.3242,0.0000,1.0125,216,44,321,0,144
SPI,5.2949,0.8315,1.9417,0.0193,5.4283,768,126,803,6,919
EKO,2.5986,1.5181,0.8130,0.0000,0.9370,87,28,164,0,84
MMH,7.5598,1.8986,1.4950,0.0000,5.8064,110,18,106,0,127
BRD,4.9232,3.6360,0.7610,0.0000,2.0489,129,40,113,0,163
PIH,2.2746,0.9684,1.1294,0.0004,1.0948,187,29,268,1,149
AZO,4.4392,1.4413,1.9632,0.0000,4.0403,841,235,919,0,970
LWS,1.4801,1.0351,0.4885,0.0000,0.4832,105,20,88,0,54
CIU,4.8241,1.8034,1.3710,0.3255,3.7150,207,43,213,2,223
HLN,2.3327,0.6704,0.9697,0.0022,2.7018,373,81,410,1,463
BMI,5.6370,1.1696,1.6870,0.0096,4.8531,1416,222,1171,3,1271
DVL,7.1740,0.8486,0.9692,0.0128,4.9374,178,21,220,1,300
CEC,5.5789,0.0053,0.5895,0.0000,6.8947,17,1,10,0,22
CWA,3.8010,1.7778,2.0778,0.0072,3.9338,703,176,884,3,702
OTH,6.6565,0.2460,2.3315,0.0036,13.1149,190,13,235,1,378
RST,5.3385,1.2926,2.0719,0.0028,5.1176,1196,261,1334,1,1309
ITO,1.2887,0.0898,0.1226,0.0046,1.1310,2032,195,225,7,1447
DIK,2.0281,0.3848,2.1804,0.0000,1.5541,49,7,67,0,45
HYS,6.6429,0.8182,1.6807,0.0095,5.3804,267,45,388,2,418
SMX,3.6043,0.2985,1.1264,0.1131,6.1319,99,10,127,1,226
CNY,4.9688,1.1457,1.3211,0.0000,3.6685,86,24,96,0,102
APN,4.8628,1.7447,1.1607,0.0054,5.6435,149,40,161,1,266
BJI,4.2467,1.4438,1.1459,0.0000,2.4362,143,33,183,0,161
BTM,1.7645,3.1972,0.6383,0.0000,0.5717,93,37,106,0,75
CDC,2.4462,0.5127,2.3640,0.0061,1.0573,155,21,384,1,100
COD,2.8863,0.9245,1.3917,0.0000,2.1437,155,43,206,0,180
GUM,4.7679,0.1145,1.3998,0.0000,3.3333,257,8,241,0,185
LRD,4.5567,0.5959,1.8101,0.0106,3.5838,905,123,1049,7,920
COU,5.4320,1.5880,2.4898,0.0047,6.2966,706,200,833,2,838
LAW,5.7589,0.6291,1.3387,0.0008,4.4851,589,67,504,1,562
SJT,3.4733,0.7555,1.4894,0.0122,3.2186,538,136,602,5,567
GRK,4.8566,0.5901,1.7007,0.0109,3.4672,1376,192,1269,9,1172
BPT,4.6689,1.1509,2.3262,0.0441,4.2778,380,78,454,4,324
CLL,4.7634,0.7729,1.4283,0.0145,3.3005,741,134,720,4,720
LCH,3.4032,1.4393,1.8246,0.0077,3.0915,625,145,726,3,601
SPS,4.2333,0.6883,1.0163,0.0300,3.5122,387,75,339,7,375
GGG,3.4067,0.8328,1.2653,0.0240,3.5263,232,47,217,3,213
AEX,4.3694,0.7924,1.6478,0.0145,3.5993,1361,197,1305,7,1205
SCE,5.6236,1.4009,2.1310,0.0071,4.9936,588,110,622,1,674
ELM,5.6081,0.1946,1.3968,0.0091,3.6086,516,22,395,1,403
MEI,9.2164,0.3760,2.6126,0.0024,7.8147,547,27,654,4,663
PIB,7.9328,0.2137,1.2540,0.0000,12.5817,225,12,360,0,670
HOB,3.7257,0.4484,2.0774,0.0000,2.9211,236,28,290,0,198
MGM,6.2123,1.1113,1.4495,0.0110,4.7668,1680,271,1438,6,1570
GTR,5.0029,0.7395,1.2800,0.0000,4.6125,487,57,381,0,507
FSM,5.6325,0.5520,1.2796,0.0000,5.3757,946,120,684,0,902
DHN,5.2089,0.7500,1.4166,0.0535,5.0035,680,50,560,2,744
PHF,5.1169,0.9153,1.2394,0.0084,4.2096,1012,118,631,4,786
BQK,5.4641,0.7709,1.1273,0.0000,4.1138,454,45,334,0,401
VLD,5.1117,0.6003,1.2599,0.0000,3.1638,432,40,339,0,362
CSG,5.2518,0.5902,1.2594,0.0000,4.1850,630,33,484,0,521
OAJ,5.8980,0.9014,1.3668,0.0322,4.5659,1197,155,881,9,915
ABY,6.1415,1.8355,1.4263,0.0030,3.9308,483,67,369,1,443
EWN,4.4682,0.9609,1.5736,0.0063,5.3158,745,120,692,2,703
TTN,4.1377,0.2417,3.8921,0.0000,10.6606,1535,78,1777,0,1962
ILG,5.9184,0.0000,7.8878,0.0000,10.1020,17,0,24,0,20
UST,4.9209,0.1884,5.8488,0.0000,7.4186,49,3,69,0,50
TOL,3.4417,1.2494,1.7784,0.0000,5.1669,447,160,529,0,569
DBQ,2.2515,1.4224,2.8809,0.0000,4.6014,246,119,427,0,334
CMI,2.9729,1.6412,2.6272,0.0051,5.2194,651,325,959,1,849
PPG,11.9064,4.2676,0.0017,0.4281,0.0435,101,2,1,5,2
ROW,4.7929,0.7088,1.1269,0.0269,3.3189,332,64,319,7,340
ACT,4.5728,0.4887,1.2603,0.0107,4.0993,663,91,631,3,669
SUX,2.3223,1.4341,2.9938,0.0000,5.0679,296,120,466,0,394
ABI,2.5568,1.4136,1.6424,0.0233,3.9530,619,240,736,8,680
GRI,5.0865,0.8991,1.3498,0.0135,3.6904,301,54,263,1,286
JLN,5.2125,0.6951,1.7090,0.0232,5.2258,325,72,368,3,397
ALO,3.3376,1.2916,2.8514,0.0000,5.4568,202,96,334,0,313
MQT,4.3850,5.2663,2.1243,0.0047,5.9722,328,152,461,1,442
GCK,3.7904,1.2969,1.1845,0.0315,2.8555,218,65,210,3,191
TXK,3.4376,0.6343,1.3462,0.0052,4.0535,377,79,387,2,362
ITH,4.8395,2.0559,1.2931,0.0085,4.2255,269,59,247,1,288
BGM,5.0838,2.2489,1.9577,0.0203,3.8308,285,68,267,1,323
BGR,5.1260,0.5054,2.3999,0.0043,5.9252,974,81,992,4,1096
ACK,5.5129,2.7417,2.0628,0.0247,5.4992,524,104,391,2,365
MVY,4.2767,0.3848,1.8085,0.0377,4.2727,226,15,138,2,155
WYS,1.6804,0.1808,1.1371,0.0386,0.4165,57,9,90,1,27
GST,2.4039,0.1217,1.0998,0.0000,2.9854,17,2,29,0,30
DLG,2.4428,0.0876,0.4282,0.0000,0.9221,19,1,21,0,12
AKN,1.4601,0.0000,0.6198,0.0000,0.8083,14,0,22,0,12
HYA,5.6106,1.1617,1.3085,0.0638,3.7489,64,3,40,1,47
SPN,2.8892,0.9850,0.6580,0.0000,1.1737,70,8,48,0,15
PGD,5.6324,1.1512,2.9652,0.0312,8.4814,1012,216,1445,12,1469
IFP,6.2418,0.6786,1.7390,0.0000,2.2280,32,1,39,0,24
STS,6.0806,0.8416,1.6148,0.0279,5.0445,384,22,499,2,522
CKB,10.2749,1.8287,2.3961,0.0000,9.1403,181,21,221,0,261
FNL,0.0000,0.0000,0.0000,0.0000,0.0000,0,0,0,0,0
UIN,8.6871,0.8165,2.2685,0.0000,7.6379,151,19,203,0,214
CGI,7.9816,1.1225,1.3554,0.0000,8.0760,119,13,118,0,241
SWO,2.3733,1.2016,1.6088,0.0000,2.9857,114,31,109,0,107
SFB,7.3518,1.1800,2.3977,0.0599,9.2908,2308,437,2687,51,3546
PIE,5.1871,1.1557,2.2092,0.0179,8.1044,1202,347,1494,20,1789
BLV,6.2996,1.4973,2.1692,0.0187,3.5652,211,58,246,3,198
HGR,5.8442,3.1059,2.8411,0.0000,3.5919,32,15,30,0,25
RFD,3.9093,0.5225,1.7996,0.0218,2.1976,101,24,105,2,94
OWB,4.9340,0.5189,2.0755,0.0000,4.4575,22,3,30,0,29
HTS,4.7620,2.3571,1.5535,0.0208,4.7204,181,64,159,2,170
USA,4.8758,1.6924,2.6033,0.0131,5.1272,173,61,292,1,289
LCK,6.0545,1.7372,1.6652,0.0270,4.6728,193,53,250,4,218
AZA,5.3983,0.9997,2.2559,0.0640,8.8138,1270,228,1468,33,1813
OGD,3.8658,0.6450,2.3117,0.0000,2.7403,23,6,31,0,20
PVU,4.6996,0.6118,1.4071,0.0361,3.7451,105,12,97,4,91
YNG,48.5000,0.0000,11.0000,0.0000,0.0000,2,0,2,0,0
SCK,4.0876,1.5143,2.0477,0.0309,4.8737,178,19,202,1,225
PSM,6.0510,0.8455,1.8607,0.0359,2.5683,59,11,62,1,45
OGS,13.3748,1.5802,3.1169,0.0285,6.3763,61,11,63,1,51
HVN,2.7392,1.0440,1.7359,0.0241,7.0634,166,39,168,3,208
LYH,3.7568,1.5348,1.1983,0.0000,6.0747,228,68,165,0,245
BFF,8.8824,0.9458,1.3503,0.0000,4.3770,91,13,81,0,117
FLO,6.0294,0.2706,1.5471,0.0000,7.3824,30,2,18,0,20
LBF,7.9139,1.0192,1.5828,0.0000,3.9323,83,10,86,0,119
LBL,4.9309,1.0590,1.7580,0.0000,6.6189,61,12,126,0,142
PGV,6.3145,1.9047,1.6342,0.0102,10.0338,172,44,127,1,160
SHD,11.2294,1.1966,1.4749,0.0000,12.8806,106,15,142,0,212
LWB,5.6490,2.0700,2.6184,0.0000,9.5668,124,45,174,0,176
SLN,10.4261,0.7592,2.1250,0.0000,10.0339,123,12,191,0,222
BKG,3.8841,0.0000,5.0066,0.0000,8.5000,50,0,49,0,41
HHH,5.3070,3.1502,1.8797,0.0289,7.8032,210,58,273,5,305
PRC,4.4384,0.2300,1.6150,0.0000,6.6263,77,8,82,0,110
EAR,7.5944,1.8441,1.6644,0.0000,4.1469,63,8,69,0,89
DRT,1.5251,0.3258,1.6647,0.0000,2.7721,57,18,86,0,64
CYS,8.0803,0.8115,0.7033,0.0000,3.7714,40,8,22,0,40
ART,4.4185,1.9889,2.6407,0.0556,7.0148,37,8,24,1,25
PAE,3.2522,0.1107,1.5049,0.0000,4.7989,95,8,124,0,149
PIR,8.9393,1.9302,1.8983,0.0000,5.1942,46,10,52,0,58
ATY,5.2069,2.8027,1.5690,0.0000,4.2356,47,8,33,0,36
BFM,4.9873,0.0000,6.7848,0.0000,2.4051,23,0,27,0,7
XWA,3.4689,1.6938,1.4593,0.0718,5.7177,12,4,18,1,16
